"image","xmin","ymin","xmax","ymax","label"
"14547a03f3d32b6b6351262788b3c3c5.jpg",162.68382352941177,181.98529411764707,255.82107843137254,207.10784313725492,"headlights"
"14547a03f3d32b6b6351262788b3c3c5.jpg",63.419117647058826,215.07352941176472,128.98284313725492,236.51960784313727,"licenseplate"
"14547a03f3d32b6b6351262788b3c3c5.jpg",252.45098039215688,188.11274509803923,306.06617647058823,297.1813725490196,"tyres"
"14547a03f3d32b6b6351262788b3c3c5.jpg",439.6446078431373,185.66176470588238,469.66911764705884,266.54411764705884,"tyres"
"1478084762-bmw-3-series-gran-turismo19-october-2016.jpg",39.01895206243032,138.37740384615384,86.95652173913044,210.87740384615384,"tyres"
"1478084762-bmw-3-series-gran-turismo19-october-2016.jpg",250.27870680044592,145.62740384615384,316.0535117056856,231.51201923076923,"tyres"
"1478084762-bmw-3-series-gran-turismo19-october-2016.jpg",317.1683389074693,119.9735576923077,389.6321070234113,146.74278846153845,"headlights"
"1478084762-bmw-3-series-gran-turismo19-october-2016.jpg",413.04347826086956,165.1466346153846,462.0958751393534,181.87740384615384,"licenseplate"
"1.jpg",356.3478260869565,290.97457627118644,473.6075808249721,426.7372881355932,"tyres"
"1.jpg",928.9409141583054,295.5508474576271,1058.3835005574135,420.635593220339,"tyres"
"1.jpg",1059.9063545150502,272.6694915254237,1110.160535117057,300.12711864406776,"headlights"
"0958436eced4ce448f67d86715640967.jpg",265.625,208.94607843137257,320.7720588235294,314.3382352941177,"tyres"
"0958436eced4ce448f67d86715640967.jpg",171.2622549019608,170.9558823529412,270.52696078431376,199.75490196078434,"headlights"
"0958436eced4ce448f67d86715640967.jpg",65.25735294117648,224.87745098039218,138.17401960784315,248.16176470588238,"licenseplate"
"0958436eced4ce448f67d86715640967.jpg",443.3210784313726,199.75490196078434,473.34558823529414,284.9264705882353,"tyres"
"0958436eced4ce448f67d86715640967.jpg",34.62009803921569,172.79411764705884,55.453431372549026,198.5294117647059,"headlights"
"1200px-BMW_Z42C_Paris_Motor_Show_20182C_Paris_281Y7A138729.jpg",753.1772575250836,422.74247491638795,870.9030100334448,683.6120401337793,"tyres"
"1200px-BMW_Z42C_Paris_Motor_Show_20182C_Paris_281Y7A138729.jpg",1043.4782608695652,295.6521739130435,1092.9765886287628,482.943143812709,"tyres"
"1200px-BMW_Z42C_Paris_Motor_Show_20182C_Paris_281Y7A138729.jpg",161.87290969899666,532.4414715719064,350.5016722408027,611.3712374581941,"licenseplate"
"1200px-BMW_Z42C_Paris_Motor_Show_20182C_Paris_281Y7A138729.jpg",528.428093645485,374.5819397993311,753.1772575250836,498.9966555183947,"headlights"
"1845525_10392_1576562783960.jpg",107.90441176470588,163.6029411764706,199.0808823529412,185.29411764705884,"licenseplate"
"1845525_10392_1576562783960.jpg",230.69852941176472,102.94117647058825,275.5514705882353,127.94117647058825,"headlights"
"1845525_10392_1576562783960.jpg",36.21323529411765,99.26470588235294,79.2279411764706,129.41176470588235,"headlights"
"150393-cars-news-bmw-will-offer-wireless-android-auto-from-mid-2020-image1-zv0p2vgrcu.jpg",83.12151616499443,104.37602072864321,115.94202898550725,125.78305590452261,"headlights"
"150393-cars-news-bmw-will-offer-wireless-android-auto-from-mid-2020-image1-zv0p2vgrcu.jpg",204.05797101449278,110.08456344221105,237.5919732441472,125.78305590452261,"headlights"
"150393-cars-news-bmw-will-offer-wireless-android-auto-from-mid-2020-image1-zv0p2vgrcu.jpg",136.63322185061315,142.90868404522612,183.72352285395763,153.61220163316582,"licenseplate"
"2014-BMW-5-Series---55-000-kms-driven-in-Mumbai-Central-VB201705171774173-ak_LWBP568933873-1578661607_gv.jpeg",28.68127292176039,90.63398692810456,77.04557610024449,107.60784313725489,"headlights"
"2014-BMW-5-Series---55-000-kms-driven-in-Mumbai-Central-VB201705171774173-ak_LWBP568933873-1578661607_gv.jpeg",73.34718826405867,95.75816993464052,128.61281326405867,152.12418300653593,"tyres"
"2014-BMW-5-Series---55-000-kms-driven-in-Mumbai-Central-VB201705171774173-ak_LWBP568933873-1578661607_gv.jpeg",218.760391198044,71.09803921568627,240.71550275061125,105.36601307189542,"tyres"
"1565955480WhatsApp20Image202019-06-2620at2021.07.49.jpeg",387.5294117647059,472.9411764705883,730.5882352941177,607.0588235294118,"headlights"
"1565955480WhatsApp20Image202019-06-2620at2021.07.49.jpeg",843.5294117647061,626.8235294117648,1066.5882352941178,717.1764705882354,"licenseplate"
"1565955480WhatsApp20Image202019-06-2620at2021.07.49.jpeg",288.7058823529412,467.29411764705884,387.5294117647059,777.8823529411766,"tyres"
"15car1.jpg",271.8840579710145,170.8553609913793,390.64659977703457,217.88811961206898,"headlights"
"15car1.jpg",358.5284280936455,208.92949892241379,455.6298773690078,372.42432650862065,"tyres"
"15car1.jpg",97.84838350055742,208.18294719827585,208.39464882943145,252.22949892241377,"licenseplate"
"15car1.jpg",563.9353400222966,264.92087823275864,635.6410256410256,375.41053340517243,"tyres"
"2015_bmw_5_series_1090123566915047282.jpg",163.31951491389916,121.17647058823529,242.57904750922512,143.52941176470588,"headlights"
"2015_bmw_5_series_1090123566915047282.jpg",106.42529597170972,141.9607843137255,164.49663668511687,232.15686274509804,"tyres"
"2015_bmw_5_series_1090123566915047282.jpg",281.03169203567035,147.45098039215685,319,172.94117647058823,"licenseplate"
"2017-05-29-20-54-p90261127_highres_bmwconcept8series_cropped_90.jpg",42.06911928651059,118.7557648163606,101.62764771460424,148.99282658597662,"headlights"
"2017-05-29-20-54-p90261127_highres_bmwconcept8series_cropped_90.jpg",303.4648829431438,122.5353975375626,367.2775919732441,147.1030102253756,"headlights"
"2017-05-29-20-54-p90261127_highres_bmwconcept8series_cropped_90.jpg",162.13154960981046,218.44357783806345,253.36008918617614,230.72738418196997,"licenseplate"
"2019-08-02-11-18-p90360262highres_cropped_90.jpg",129.04347826086956,147.1030102253756,183.40245261984393,204.74240922370615,"tyres"
"2019-08-02-11-18-p90360262highres_cropped_90.jpg",335.6075808249721,154.66227566777962,379.0947603121516,210.88431239565944,"tyres"
"2019-08-02-11-18-p90360262highres_cropped_90.jpg",77.52062430323299,128.67730070951586,115.8082497212932,139.54374478297163,"headlights"
"2019-08-02-11-18-p90360262highres_cropped_90.jpg",26.47045707915273,143.7958315943239,52.46822742474916,159.38681656928216,"licenseplate"
"33-332526_bmw-cars-wallpapers-hd-free-download-pictures-bmw.jpg",1267.1571906354516,713.903743315508,1592.5083612040135,1213.01247771836,"tyres"
"33-332526_bmw-cars-wallpapers-hd-free-download-pictures-bmw.jpg",2200.401337792642,930.6595365418895,2423.010033444816,1030.48128342246,"licenseplate"
"33-332526_bmw-cars-wallpapers-hd-free-download-pictures-bmw.jpg",1718.0824972129321,802.3172905525847,2057.7034559643257,913.5472370766489,"headlights"
"33-332526_bmw-cars-wallpapers-hd-free-download-pictures-bmw.jpg",319.64325529542924,539.9286987522281,525.1282051282052,919.2513368983957,"tyres"
"2019-bmw-i8-3.jpg",282.0289855072464,619.586229946524,529.5652173913044,757.5256238859179,"headlights"
"2019-bmw-i8-3.jpg",1397.9710144927537,643.9284759358288,1602.8985507246377,755.4971033868092,"headlights"
"5-Series_0_11-min-28129.jpg",156.7001114827202,255.2588619402985,288.7759197324415,386.2290111940298,"tyres"
"5-Series_0_11-min-28129.jpg",763.3534002229654,246.30363805970148,894.3099219620958,386.2290111940298,"tyres"
"5-Series_0_11-min-28129.jpg",902.144927536232,233.99020522388057,963.7056856187291,269.8111007462686,"headlights"
"8f1541b5830e7c01c778cb3aa5773ccd_large.jpg",226.46288209606988,432.15686274509807,440.7278020378457,469.4117647058824,"licenseplate"
"8f1541b5830e7c01c778cb3aa5773ccd_large.jpg",520.844250363901,277.54901960784315,618.6608442503639,328.7745098039216,"headlights"
"8f1541b5830e7c01c778cb3aa5773ccd_large.jpg",21.513828238719068,263.578431372549,138.89374090247452,339.01960784313724,"headlights"
"61zuMG9IjvL._SL1310_.jpg",248.72050849941382,569.8366013071895,399.22461166471277,724.9673202614379,"tyres"
"61zuMG9IjvL._SL1310_.jpg",859.9514580890973,568.3006535947712,1002.7767804806565,724.9673202614379,"tyres"
"61zuMG9IjvL._SL1310_.jpg",188.82601846424384,551.40522875817,244.11324003516998,588.2679738562092,"headlights"
"bmw-3-series-shadow-edition_1522739533.jpeg",86.00557413600892,252.16501650165017,186.20624303233,283.8943894389439,"headlights"
"bmw-3-series-shadow-edition_1522739533.jpeg",196.2263099219621,255.5049504950495,335.67224080267556,441.70627062706274,"tyres"
"bmw-3-series-shadow-edition_1522739533.jpeg",604.5440356744705,278.0495049504951,688.0445930880713,403.29702970297035,"tyres"
"bmw-3-series-shadow-edition_1522739533.jpeg",24.21516164994426,306.43894389438947,52.60535117056857,337.33333333333337,"licenseplate"
"BMW-4.jpg",670.6800445930882,961.7524752475247,1101.6276477146043,1087.2178217821781,"licenseplate"
"BMW-4.jpg",1335.6521739130435,773.5544554455445,1658.149386845039,884.7623762376237,"headlights"
"BMW-4.jpg",268.27201783723524,733.6336633663366,539.3979933110368,876.2079207920791,"headlights"
"BMW-4.jpg",1686.6889632107025,813.4752475247525,1883.6120401337794,1338.1485148514853,"tyres"
"BMW-4.jpg",2006.3322185061318,762.1485148514851,2254.626532887403,1261.158415841584,"tyres"
"BMW-7-Series-Right-Front-Three-Quarter-164132.jpg",91.63879598662207,167.11046006944443,145.1505016722408,246.01125372023807,"tyres"
"BMW-7-Series-Right-Front-Three-Quarter-164132.jpg",246.1538461538462,171.84325396825395,317.7257525083612,278.10649181547615,"tyres"
"BMW-7-Series-Right-Front-Three-Quarter-164132.jpg",319.7324414715719,159.0866505456349,401.33779264214047,183.1580791170635,"headlights"
"BMW-7-Series-Right-Front-Three-Quarter-164132.jpg",440.8026755852843,204.55490451388889,509.0301003344482,224.61442832341268,"licenseplate"
"BMW-7-Series-Right-Front-Three-Quarter-164132.jpg",528.428093645485,156.41204737103175,541.8060200668897,179.14617435515873,"headlights"
"bmw-7-series.jpg",162.76477146042365,300.0511465827338,301.0033444816054,335.73459982014384,"headlights"
"bmw-7-series.jpg",43.47826086956522,362.49718974820144,111.48272017837235,400.41085881294964,"licenseplate"
"bmw-7-series.jpg",308.8071348940914,322.3533048561151,453.73467112597547,491.8497077338129,"tyres"
"bmw-7-series.jpg",824.9721293199555,302.28136241007195,925.3065774804905,447.24539118705036,"tyres"
"bmw-5-series-diesel-tilted.jpg",169.42028985507247,177.66253351206436,274.92753623188406,210.09148793565686,"headlights"
"bmw-5-series-diesel-tilted.jpg",62.89855072463769,224.27915549597856,126.81159420289856,257.7215147453083,"licenseplate"
"bmw-5-series-diesel-tilted.jpg",285.07246376811594,206.03786863270778,393.6231884057971,340.8207104557641,"tyres"
"bmw-5-series-diesel-tilted.jpg",736.5217391304349,182.72955764075067,827.8260869565219,314.47218498659515,"tyres"
"BMW-5-Series-Right-Front-Three-Quarter-172250.jpg",60.869565217391305,159.7553013392857,119.06354515050168,241.33069816468253,"tyres"
"BMW-5-Series-Right-Front-Three-Quarter-172250.jpg",291.6387959866221,171.791015625,371.23745819397993,268.74538070436506,"tyres"
"BMW-5-Series-Right-Front-Three-Quarter-172250.jpg",484.94983277591973,196.53109499007934,537.7926421404683,214.58466641865076,"licenseplate"
"BMW-5-Series-Right-Front-Three-Quarter-172250.jpg",366.5551839464883,156.41204737103175,451.505016722408,182.4894283234127,"headlights"
"bmw-5-series.jpg",46.82274247491639,243.68775614754097,120.17837235228541,274.91726434426226,"licenseplate"
"bmw-5-series.jpg",167.78149386845035,197.62423155737704,271.5719063545151,226.4139344262295,"headlights"
"bmw-5-series.jpg",267.670011148272,211.57991803278688,378.4838350055741,346.7451331967213,"tyres"
"bmw-5-series.jpg",594.6488294314381,200.74718237704917,657.8595317725752,310.83119877049177,"tyres"
"BMW-8-Series-Exterior-170077.jpg",196.65551839464882,157.7493489583333,286.95652173913044,181.20436507936506,"headlights"
"BMW-8-Series-Exterior-170077.jpg",485.61872909698997,144.3763330853174,517.7257525083612,221.27117435515868,"tyres"
"BMW-8-Series-Exterior-170077.jpg",285.61872909698997,163.09855530753964,349.8327759197325,264.7334759424603,"tyres"
"BMW-8-Series-Exterior-170077.jpg",101.00334448160535,193.1878410218254,153.84615384615384,214.58466641865078,"licenseplate"
"BMW-8-Series-Exterior-170077.jpg",80.2675585284281,151.0628410218254,92.97658862876254,169.1164124503968,"headlights"
"bmw-car-customer-care-hyderabad-car-repair-and-services-bmw-40er6gn.jpg",125.07882273342355,180.90522875816995,213.3223951285521,218.24509803921572,"headlights"
"bmw-car-customer-care-hyderabad-car-repair-and-services-bmw-40er6gn.jpg",377.5713802435724,189.27450980392157,406.5564952638701,211.16339869281046,"headlights"
"bmw-car-customer-care-hyderabad-car-repair-and-services-bmw-40er6gn.jpg",268.07205683355886,247.85947712418303,357.6038565629229,269.1045751633987,"licenseplate"
"bmw-car-customer-care-hyderabad-car-repair-and-services-bmw-40er6gn.jpg",100.60250338294993,225.32679738562092,130.87584573748308,335.4150326797386,"tyres"
"bmw-carmaker-mobileye_29320.jpg",211.3235294117647,333.52941176470586,316.3235294117647,362.6470588235294,"headlights"
"bmw-carmaker-mobileye_29320.jpg",354.2647058823529,317.6470588235294,432.7941176470588,465,"tyres"
"bmw-carmaker-mobileye_29320.jpg",615.4411764705882,292.05882352941177,661.3235294117646,404.11764705882354,"tyres"
"BMW-Cars.jpg",494.98327759197326,439.35310509554137,747.8260869565217,491.5187101910828,"licenseplate"
"BMW-Cars.jpg",230.10033444816054,258.7798566878981,378.5953177257525,343.04737261146494,"headlights"
"BMW-Cars.jpg",850.8361204013378,266.8053343949044,1000.6688963210702,340.3722133757961,"headlights"
"bmw-cars-for-rent-in-chennai.jpeg",387.7369007803791,664.0595238095239,683.2552954292084,747.8690476190477,"licenseplate"
"bmw-cars-for-rent-in-chennai.jpeg",796.4325529542921,513.2023809523811,1089.855072463768,586.5357142857144,"headlights"
"bmw-cars-for-rent-in-chennai.jpeg",199.10813823857302,498.53571428571433,326.95652173913044,603.2976190476192,"headlights"
"bmw-cars-for-rent-in-chennai.jpeg",1108.7179487179487,561.5238095238095,1297.3467112597548,923.8690476190477,"tyres"
"bmw-cars-for-rent-in-chennai.jpeg",1624.3032329988853,513.202380952381,1735.3846153846155,835.8690476190477,"tyres"
"bmw-m2.jpg",175.58528428093646,247.78896324863882,286.3991081382386,275.10293784029034,"headlights"
"bmw-m2.jpg",599.3311036789298,249.3497617967332,649.2753623188406,357.044861615245,"tyres"
"bmw-m2.jpg",269.2307692307692,259.49495235934666,372.2408026755853,386.70003402903814,"tyres"
"bmw-m2.jpg",56.96767001114827,293.05212114337564,127.98216276477146,321.92689428312156,"licenseplate"
"bmw-vantablack-x6-exterior-2.jpg",176.25,273.33333333333337,254.58333333333334,295.00000000000006,"headlights"
"bmw-vantablack-x6-exterior-2.jpg",248.75,300,331.25,400.83333333333337,"tyres"
"bmw-vantablack-x6-exterior-2.jpg",491.25,286.6666666666667,547.9166666666666,365.83333333333337,"tyres"
"bmw-vantablack-x6-exterior-2.jpg",96.25,317.5,139.58333333333334,339.1666666666667,"licenseplate"
"BMW-New-X6-Exterior-170088.jpg",125.75250836120401,174.46561879960316,188.628762541806,193.1878410218254,"licenseplate"
"BMW-New-X6-Exterior-170088.jpg",230.76923076923077,126.99141245039682,322.40802675585286,150.3941902281746,"headlights"
"BMW-New-X6-Exterior-170088.jpg",315.05016722408027,162.42990451388889,385.9531772575251,267.4080791170635,"tyres"
"BMW-New-X6-Exterior-170088.jpg",472.9096989966555,165.77315848214283,522.4080267558528,241.99934895833331,"tyres"
"BMW-New-X6-Exterior-170088.jpg",96.3210702341137,124.98546006944444,116.38795986622073,149.7255394345238,"headlights"
"bmw-x1-827_827x510_61455981465.jpg",102.33779264214047,297.50960669077756,200.06577480490523,345.46620705244123,"licenseplate"
"bmw-x1-827_827x510_61455981465.jpg",268.2909698996655,220.96349457504522,463.7469342251951,274.45354882459316,"headlights"
"bmw-x1-827_827x510_61455981465.jpg",451.7614269788183,287.36494122965644,558.7090301003344,476.4246157323689,"tyres"
"bmw-x1-827_827x510_61455981465.jpg",504.3132664437012,274.45354882459316,506.15719063545146,282.7537296564196,"tyres"
"bmw-x1-827_827x510_61455981465.jpg",734.803790412486,228.34143309222424,778.1360089186176,356.53311482820976,"tyres"
"bmw-m2-road-test-0273_0_0_0.jpg",396.32107023411373,256.8776304713805,542.8093645484951,316.0762836700337,"headlights"
"bmw-m2-road-test-0273_0_0_0.jpg",733.4448160535117,299.01904461279463,774.581939799331,337.14699074074076,"headlights"
"bmw-m2-road-test-0273_0_0_0.jpg",594.9832775919732,360.22443181818187,715.3846153846154,398.352377946128,"licenseplate"
"bmw-m2-road-test-0273_0_0_0.jpg",303.01003344481603,269.92140151515156,381.2709030100334,443.5038930976432,"tyres"
"bmw-m2-road-test-0273_0_0_0.jpg",98.32775919732441,227.77998737373738,143.47826086956522,354.2042297979798,"tyres"
"bmw-x3.jpg",163.34448160535118,236.17956349206347,256.56633221850615,268.37003968253964,"licenseplate"
"bmw-x3.jpg",310.18952062430327,184.1795634920635,410.83612040133784,213.89384920634922,"headlights"
"bmw-x3.jpg",111.37123745819399,174.27480158730157,147.670011148272,202.33829365079362,"headlights"
"bmw-x3.jpg",393.5117056856187,221.32242063492063,475.1839464882943,355.86210317460313,"tyres"
"bmw-x3.jpg",580.7803790412486,208.94146825396825,635.2285395763656,313.76686507936506,"tyres"
"BMW-X1.jpg",176.42140468227424,348.66220735785953,300.16722408026754,386.2876254180602,"licenseplate"
"BMW-X1.jpg",361.2040133779264,267.55852842809367,491.6387959866221,302.67558528428094,"headlights"
"BMW-X1.jpg",102.8428093645485,268.39464882943145,150.5016722408027,303.5117056856187,"headlights"
"BMW-X1.jpg",483.27759197324417,308.52842809364546,540.1337792642141,472.40802675585286,"tyres"
"BMW-X1.jpg",617.8929765886288,302.67558528428094,656.3545150501673,415.55183946488296,"tyres"
"bmw_5_series_2016_diesel_bmw_5_series_520d_prestige_plus_2016_diesel_7010080536670711190.jpg",214.65241564417178,227.5343137254902,307.08186349693256,254.33660130718954,"headlights"
"bmw_5_series_2016_diesel_bmw_5_series_520d_prestige_plus_2016_diesel_7010080536670711190.jpg",406.3579371165645,214.98856209150327,425.18615797546016,234.37745098039215,"headlights"
"bmw_5_series_2016_diesel_bmw_5_series_520d_prestige_plus_2016_diesel_7010080536670711190.jpg",338.462231595092,260.609477124183,396.6585506134969,278.2875816993464,"licenseplate"
"bmw_5_series_2016_diesel_bmw_5_series_520d_prestige_plus_2016_diesel_7010080536670711190.jpg",161.59106595092027,237.22875816993462,215.22296779141107,331.3218954248366,"tyres"
"bmw_5_series_2016_diesel_bmw_5_series_520d_prestige_plus_2016_diesel_7010080536670711190.jpg",9.25364263803681,217.83986928104574,38.35180214723927,291.40359477124184,"tyres"
"bmw5s.jpg",111.48272017837235,200.66815144766147,165.88628762541805,305.7906458797328,"tyres"
"bmw5s.jpg",342.47491638795987,209.57683741648108,419.17502787068,338.7527839643653,"tyres"
"bmw5s.jpg",420.958751393534,192.65033407572383,520.8472686733556,230.9576837416481,"headlights"
"bmw5s.jpg",661.7614269788182,193.5412026726058,693.8684503901894,219.37639198218264,"headlights"
"BMW20fuel20cell_1.jpg",233.77926421404683,336.85467880333954,327.0903010033445,365.9622854823748,"headlights"
"BMW20fuel20cell_1.jpg",724.4147157190636,330.83241535250465,797.6588628762543,428.19234114100186,"tyres"
"BMW20fuel20cell_1.jpg",325.08361204013386,356.3172541743971,433.4448160535118,472.3556064471244,"tyres"
"BMW20fuel20cell_1.jpg",172.5752508361204,380.01423353432284,207.69230769230768,403.0995767625232,"licenseplate"
"bmw_m5_competition_main.jpg",35.8974358974359,123.14024390243902,81.54960981047938,138.75,"licenseplate"
"bmw_m5_competition_main.jpg",107.6923076923077,96.21341463414635,172.46376811594203,112.60365853658537,"headlights"
"bmw_m5_competition_main.jpg",299.6655518394649,95.04268292682927,325.80824972129324,154.359756097561,"tyres"
"bmw_m5_competition_main.jpg",168.1716833890747,102.06707317073172,211.87290969899666,178.5548780487805,"tyres"
"bmw_m5_competition_main.jpg",15.217391304347826,97.38414634146342,29.264214046822744,109.8719512195122,"headlights"
"BMW__1534229795.jpg",226.17614269788183,187.68564356435644,312.5083612040134,220.47772277227722,"headlights"
"BMW__1534229795.jpg",477.3244147157191,160.59653465346534,519.4202898550725,193.38861386138615,"headlights"
"BMW__1534229795.jpg",365.30657748049055,235.24752475247524,460.9141583054627,261.1113861386138,"licenseplate"
"BMW__1534229795.jpg",184.79375696767002,224.04207920792078,258.9966555183947,351.6460396039604,"tyres"
"BMW__1534229795.jpg",63.500557413600895,188.39851485148515,131.99554069119287,291.0519801980198,"tyres"
"D328CF01-0BF3-42E0-A79E-C9DD3C864CE5.jpeg",95.60758082497213,373.5663931856187,335.340022296544,489.10652696488296,"headlights"
"D328CF01-0BF3-42E0-A79E-C9DD3C864CE5.jpeg",968.9186176142698,390.68345004180605,1188.6733556298773,487.6801055602007,"headlights"
"D328CF01-0BF3-42E0-A79E-C9DD3C864CE5.jpeg",466.62207357859535,564.7068614130435,819.0858416945374,665.982781145485,"licenseplate"
"C5F7CB18-4761-4E31-A6FF-ED6BEBC59D2C.jpeg",334.4838350055741,542.6951818561873,603.8974358974358,614.6500313545151,"licenseplate"
"C5F7CB18-4761-4E31-A6FF-ED6BEBC59D2C.jpeg",97.03455964325529,383.9376567725753,222.6086956521739,467.3139109531773,"headlights"
"C5F7CB18-4761-4E31-A6FF-ED6BEBC59D2C.jpeg",723.7636566332217,387.185618729097,877.8773690078036,467.3139109531772,"headlights"
"d5f6704eb5d54484a4870a3183a40355.jpg",653.8039215686274,878.4313725490196,1082.9803921568628,983.8431372549019,"headlights"
"d5f6704eb5d54484a4870a3183a40355.jpg",1861.0196078431372,501.96078431372547,1943.8431372549019,788.078431372549,"tyres"
"d5f6704eb5d54484a4870a3183a40355.jpg",1071.686274509804,825.7254901960785,1376.6274509803923,1290.0392156862745,"tyres"
"d5f6704eb5d54484a4870a3183a40355.jpg",169.41176470588235,978.8235294117646,448,1134.4313725490194,"licenseplate"
"d5f6704eb5d54484a4870a3183a40355.jpg",116.70588235294117,722.8235294117646,161.88235294117646,860.8627450980391,"headlights"
"image19.jpeg",52.424749163879596,87.1989635678392,62.23522853957636,97.00800879396985,"headlights"
"image19.jpeg",110.98104793756967,89.03815954773869,147.1571906354515,99.76680276381909,"headlights"
"image19.jpeg",145.01114827201783,102.83212939698493,168.6176142697882,141.76177763819095,"tyres"
"image19.jpeg",207.55295429208473,86.44221105527637,222.2686733556299,121.83715452261305,"tyres"
"image1.jpeg",73.32679738562092,60.83660130718955,91,64.91503267973857,"headlights"
"image1.jpeg",0.934640522875817,58.11764705882353,9.431372549019608,62.36601307189542,"headlights"
"image.jpeg",33.732026143790854,63.72549019607843,49.36601307189543,69.33333333333333,"headlights"
"image.jpeg",53.189542483660134,63.89542483660131,68.05882352941178,90.57516339869281,"tyres"
"image.jpeg",5.352941176470589,70.52287581699346,20.81699346405229,75.62091503267973,"licenseplate"
"image20.jpeg",146.23745819397993,99.7668027638191,167.08472686733558,141.45524497487438,"tyres"
"image20.jpeg",207.2463768115942,91.79695351758794,222.26867335562986,122.45021984924622,"tyres"
"image20.jpeg",53.037904124860646,87.81202889447236,60.702341137123746,97.00800879396985,"headlights"
"image20.jpeg",112.20735785953177,87.50549623115577,146.54403567447045,99.76680276381909,"headlights"
"image22.jpeg",128.7173730110159,92.24509803921568,176.5864060587515,108.09477124183006,"headlights"
"image22.jpeg",196.24124082007344,113.80065359477123,229.52765452876378,122.99346405228758,"licenseplate"
"image22.jpeg",97.33304008567931,101.12091503267972,130.61945379436963,155.96078431372547,"tyres"
"image22.jpeg",12.690445226438188,97.63398692810458,35.51541462668298,138.5261437908497,"tyres"
"image22.jpeg",235.23389687882496,93.83006535947712,246.64638157894737,107.46078431372548,"headlights"
"image23.jpeg",48.61204013377927,84.70161018850987,86.42140468227424,94.55259762118492,"headlights"
"image23.jpeg",10.80267558528428,103.13248990125675,32.408026755852845,114.25457248653503,"licenseplate"
"image23.jpeg",240.20066889632108,87.56157428186715,264.3478260869565,127.28329780071815,"tyres"
"image23.jpeg",88.64548494983278,86.75224416517057,128.36120401337791,140.31202311490128,"tyres"
"image31.jpeg",68.67335562987736,86.90122767857143,111.44704570791527,128.93694196428572,"tyres"
"image31.jpeg",258.2118171683389,86.50837053571428,302.16276477146033,129.32979910714286,"tyres"
"image31.jpeg",298.63099219620955,78.65122767857143,319.4292084726867,88.86551339285714,"headlights"
"image32.jpeg",104.54292084726868,92.10348618090453,128.14938684503903,123.0632851758794,"tyres"
"image32.jpeg",197.43589743589743,86.89243090452261,214.9108138238573,114.78690326633165,"tyres"
"image32.jpeg",53.037904124860646,100.68640075376884,66.83389074693423,107.12358668341707,"licenseplate"
"image32.jpeg",85.5351170568562,86.89243090452261,102.09030100334449,93.94268216080403,"headlights"
"image35.jpeg",32.345279987760094,110.94771241830065,66.89974755201958,122.359477124183,"licenseplate"
"image35.jpeg",86.2375688494492,94.4640522875817,131.57049418604652,105.87581699346404,"headlights"
"image35.jpeg",228.2596006731946,95.41503267973856,243.79326040391675,136.30718954248366,"tyres"
"image35.jpeg",127.75642594859241,98.58496732026141,160.10170593635252,153.10784313725486,"tyres"
"image35.jpeg",17.44564718482252,94.1470588235294,27.59007802937576,105.87581699346404,"headlights"
"image36.jpeg",38.15384615384615,105.67989864864866,62.46153846153847,124.12584459459461,"licenseplate"
"image36.jpeg",92.3076923076923,85.69679054054055,143.0769230769231,98.30152027027027,"headlights"
"image36.jpeg",136.92307692307693,100.4535472972973,174.15384615384616,154.86908783783787,"tyres"
"image36.jpeg",243.6923076923077,83.3141891891892,264.61538461538464,129.6596283783784,"tyres"
"image36.jpeg",12.615384615384617,81.08530405405406,24.615384615384617,93.69003378378379,"headlights"
"image37.jpeg",12.923076923076923,80.77787162162163,24.615384615384617,95.22719594594595,"headlights"
"image37.jpeg",91.38461538461539,86.92652027027027,143.6923076923077,99.22381756756758,"headlights"
"image37.jpeg",138.46153846153848,99.91554054054055,175.69230769230774,155.1765202702703,"tyres"
"image37.jpeg",244.92307692307693,84.77449324324326,263.0769230769231,129.35219594594597,"tyres"
"image37.jpeg",36.30769230769231,107.83192567567568,62.769230769230774,126.89273648648648,"licenseplate"
"image38.jpeg",33.93034730722154,117.2875816993464,70.06988219094247,127.74836601307189,"licenseplate"
"image38.jpeg",91.9438111995104,87.49019607843137,140.4468711750306,103.02287581699346,"headlights"
"image38.jpeg",19.664741432068542,88.75816993464052,27.590078029375764,102.70588235294117,"headlights"
"image38.jpeg",137.9107634638923,106.50980392156862,166.75898867809056,161.66666666666666,"tyres"
"image38.jpeg",226.0405064259486,104.6078431372549,245.69534118727051,145.5,"tyres"
"image40.jpeg",22.716833890746933,122.575,51.83277591973244,131.535,"licenseplate"
"image40.jpeg",71.35005574136008,101.775,118.06354515050165,111.69500000000001,"headlights"
"image40.jpeg",17.597547380156076,101.455,21.75696767001115,111.05499999999999,"headlights"
"image40.jpeg",242.20624303232998,102.735,267.48272017837235,145.935,"tyres"
"image40.jpeg",111.02452619843922,104.64,153.2586399108138,158.095,"tyres"
"image41.jpeg",139.6923076923077,75.16071428571429,185.53846153846155,91.15399159663866,"headlights"
"image41.jpeg",204.6153846153846,105.9170168067227,239.69230769230768,116.37415966386556,"licenseplate"
"image41.jpeg",242.15384615384616,82.23466386554622,250.15384615384616,91.46155462184875,"headlights"
"image41.jpeg",106.76923076923077,94.4218487394958,148,148.66827731092437,"tyres"
"image41.jpeg",25.53846153846154,96.075,51.38461538461539,135.13550420168067,"tyres"
"image43.jpeg",8.252256731946144,107.77777777777777,32.97930691554467,150.57189542483658,"tyres"
"image43.jpeg",94.796932374541,107.46078431372548,137.59375,162.30065359477123,"tyres"
"image43.jpeg",131.25348072215422,84.00326797385621,177.85445991432067,100.80392156862746,"headlights"
"image43.jpeg",202.26449663402693,117.2875816993464,237.77000458996326,126.79738562091504,"licenseplate"
"image43.jpeg",240.62312576499386,90.02614379084967,250.13352968176252,102.38888888888889,"headlights"
"image44.jpeg",8.886283659730722,106.50980392156862,32.345279987760094,150.88888888888889,"tyres"
"image44.jpeg",96.69901315789474,107.46078431372548,137.9107634638923,161.03267973856208,"tyres"
"image44.jpeg",127.76633261933904,84.00326797385621,181.02459455324356,100.80392156862746,"headlights"
"image44.jpeg",202.58151009791922,116.65359477124183,238.08701805385556,128.0653594771242,"licenseplate"
"image44.jpeg",240.62312576499386,89.70915032679738,250.45054314565482,101.75490196078431,"headlights"
"image45.jpeg",50.16722408026756,96.7746513944223,77.59197324414716,106.8144920318725,"licenseplate"
"image45.jpeg",98.32775919732441,79.03759960159363,139.79933110367892,90.41608565737052,"headlights"
"image45.jpeg",40.468227424749166,75.35632470119522,46.15384615384615,84.05751992031873,"headlights"
"image45.jpeg",243.81270903010034,72.34437250996015,258.8628762541806,110.83042828685258,"tyres"
"image45.jpeg",145.1505016722408,82.71887450199203,173.24414715719064,129.90612549800795,"tyres"
"image50.jpeg",124.92307692307693,76.08340336134454,179.38461538461542,92.99936974789915,"headlights"
"image50.jpeg",243.3846153846154,77.0060924369748,255.3846153846154,89.00105042016807,"headlights"
"image50.jpeg",200.6153846153846,104.68676470588235,241.23076923076923,115.4514705882353,"licenseplate"
"image50.jpeg",91.07692307692308,89.92373949579833,131.3846153846154,148.05315126050422,"tyres"
"image50.jpeg",12.307692307692308,77.92878151260504,33.23076923076923,125.90861344537815,"tyres"
"images10.jpg",23.15188953488372,126.79738562091502,55.804276315789465,144.54901960784312,"licenseplate"
"images10.jpg",83.3844476744186,109.36274509803921,131.88750764993878,126.48039215686273,"headlights"
"images10.jpg",233.64882955936352,64.98366013071895,245.37832772337822,100.48692810457516,"tyres"
"images10.jpg",135.05764228886167,107.1437908496732,175.31835220318237,164.20261437908496,"tyres"
"images10.jpg",15.543566401468787,89.70915032679738,19.664741432068542,110.63071895424837,"headlights"
"images11.jpg",38.98996655518394,94.49010209163347,67.21404682274246,105.54189492031874,"licenseplate"
"images11.jpg",89.90969899665551,76.16739292828686,132.1003344481605,85.76500249003985,"headlights"
"images11.jpg",226.08361204013372,68.63745019920319,240.34113712374577,106.41440488047809,"tyres"
"images11.jpg",131.80936454849498,79.0757594621514,159.4515050167224,126.19129731075698,"tyres"
"images11.jpg",28.80602006688963,75.2948829681275,34.33444816053512,84.89249252988049,"headlights"
"images12.jpg",30.31516768292683,91.6111111111111,75.97370426829268,107.46078431372548,"headlights"
"images12.jpg",219.2907774390244,73.22549019607843,237.99809451219514,103.65686274509804,"tyres"
"images12.jpg",74.19512195121952,96.68300653594771,127.65663109756099,149.62091503267973,"tyres"
"images12.jpg",6.534679878048781,101.12091503267973,16.046875,112.84967320261437,"licenseplate"
"images16.jpg",80.76923076923077,78.19397993311037,127.82608695652175,90.36789297658864,"licenseplate"
"images16.jpg",147.7257525083612,48.69565217391305,177.45819397993313,62.50836120401338,"headlights"
"images16.jpg",33.24414715719064,48.69565217391305,62.74247491638796,61.80602006688964,"headlights"
"images15.jpg",24.666666666666664,98.83333333333333,56.99999999999999,111.83333333333333,"licenseplate"
"images15.jpg",85,78.16666666666666,137.66666666666666,91.16666666666666,"headlights"
"images15.jpg",137.66666666666666,79.66666666666666,172.33333333333331,137.5,"tyres"
"images15.jpg",256.66666666666663,69.5,278.3333333333333,116.16666666666666,"tyres"
"images15.jpg",13.666666666666666,73.16666666666666,18.666666666666664,85.83333333333333,"headlights"
"images21.jpg",42.32640481651376,119.80392156862746,85.35392775229357,135.16339869281046,"licenseplate"
"images21.jpg",114.55117545871559,98.6078431372549,159.4227350917431,112.43137254901961,"headlights"
"images21.jpg",16.202551605504585,94.92156862745098,33.106221330275226,110.28104575163398,"headlights"
"images21.jpg",163.7254873853211,97.07189542483661,184.31723050458714,159.12418300653596,"tyres"
"images21.jpg",235.33557912844037,86.01307189542484,247.62915711009174,130.86274509803923,"tyres"
"images22.jpg",93.21186505507956,141.06209150326796,171.8312041003672,161.03267973856208,"licenseplate"
"images22.jpg",30.760212668298653,87.17320261437908,67.53377447980417,113.16666666666666,"headlights"
"images22.jpg",199.41137545899633,90.97712418300654,236.8189641982864,110.31372549019608,"headlights"
"images26.jpg",82,79.33333333333333,149,105.66666666666666,"headlights"
"images26.jpg",252.33333333333331,78.66666666666666,280,94.66666666666666,"headlights"
"images26.jpg",191,118.33333333333333,235.33333333333331,126,"licenseplate"
"images26.jpg",47.33333333333333,91.66666666666666,82.66666666666666,162.33333333333331,"tyres"
"images26.jpg",7.666666666666666,61.33333333333333,21.666666666666664,107,"tyres"
"images32.jpg",79.07692307692308,87.46323529411765,119.38461538461539,148.0531512605042,"tyres"
"images32.jpg",112.61538461538463,67.1640756302521,160.30769230769232,84.69516806722689,"headlights"
"images32.jpg",231.3846153846154,70.54726890756302,242.46153846153845,82.84978991596638,"headlights"
"images32.jpg",186.76923076923077,102.53382352941178,225.23076923076923,114.83634453781514,"licenseplate"
"images32.jpg",23.692307692307693,81.00441176470589,48.61538461538461,124.06323529411766,"tyres"
"images27.jpg",69.89966555183946,83.82710427135679,82.16276477146042,91.79695351758794,"headlights"
"images27.jpg",132.44147157190636,86.89243090452261,167.08472686733558,96.70147613065326,"headlights"
"images27.jpg",162.4860646599777,99.7668027638191,186.39910813823857,145.74670226130655,"tyres"
"images27.jpg",213.37792642140468,102.52559673366832,231.46599777034555,138.6964510050251,"tyres"
"images33.jpg",201.33779264214047,96.10532868525895,220.73578595317727,106.47983067729082,"headlights"
"images33.jpg",156.52173913043478,114.84636454183266,191.63879598662209,124.88620517928285,"licenseplate"
"images33.jpg",51.50501672240803,96.7746513944223,66.88963210702342,128.90214143426294,"tyres"
"images33.jpg",85.61872909698997,103.1332171314741,110.36789297658862,146.30453187250995,"tyres"
"images33.jpg",107.35785953177258,91.42006972111554,145.1505016722408,102.46389442231076,"headlights"
"images35.jpg",13.007458690330477,96.36601307189542,39.319576193390446,141.37908496732027,"tyres"
"images35.jpg",97.01602662178702,104.92483660130718,133.15556150550793,156.27777777777777,"tyres"
"images35.jpg",127.76633261933904,88.75816993464052,170.56315024479804,102.70588235294117,"headlights"
"images35.jpg",235.55091034271726,87.17320261437908,246.32936811505508,101.12091503267973,"headlights"
"images36.jpg",26.36566332218506,82.29444095477386,33.11036789297659,93.94268216080401,"headlights"
"images36.jpg",93.81270903010034,78.61604899497488,137.9598662207358,91.18388819095478,"headlights"
"images36.jpg",37.709030100334445,107.73665201005025,72.35228539576366,118.46529522613065,"licenseplate"
"images36.jpg",130.29542920847268,96.8643216080402,173.52285395763656,152.18388819095478,"tyres"
"images36.jpg",229.62653288740245,97.62107412060301,255.99219620958752,140.22911432160805,"tyres"
"images39.jpg",92.46792452830188,148.39379084967322,171.0389937106918,167.3856209150327,"licenseplate"
"images39.jpg",10.676729559748427,112.98529411764707,62.52075471698113,138.41503267973857,"headlights"
"images39.jpg",208.0704402515723,115.88235294117648,253.7962264150943,134.23039215686276,"headlights"
"images40.jpg",32.684503901895205,101.16943521594685,77.28205128205127,147.68521594684387,"tyres"
"images40.jpg",212.90746934225194,100.92109634551495,249.56298773690077,142.79485049833886,"tyres"
"images40.jpg",15.27313266443701,97.55897009966777,31.157190635451503,105.50581395348837,"headlights"
"images42.jpg",95.65217391304347,78.43478260869564,157.82608695652172,93.7391304347826,"headlights"
"images42.jpg",35.07246376811594,102.02898550724638,71.10144927536231,118.92753623188406,"licenseplate"
"images42.jpg",150.17391304347825,96.28985507246377,194.1739130434782,163.56521739130434,"tyres"
"images42.jpg",253.15942028985506,82.89855072463767,268.463768115942,124.02898550724638,"tyres"
"images5.jpg",100.55741360089186,123.0632851758794,175.66889632107024,143.90750628140705,"licenseplate"
"images5.jpg",208.4726867335563,84.44016959798995,254.15273132664436,104.977858040201,"headlights"
"images5.jpg",21.153846153846153,81.6813756281407,64.38127090301003,106.20398869346732,"headlights"
"images66.jpg",53.34448160535117,121.53062185929647,91.36008918617614,161.37986809045225,"tyres"
"images66.jpg",210.92530657748048,122.45021984924622,243.42251950947602,160.15373743718592,"tyres"
"images66.jpg",30.657748049052397,114.78690326633166,54.264214046822744,122.75675251256281,"headlights"
"images55.jpg",120.79203641370869,126.79738562091502,168.6610694614443,139.7941176470588,"headlights"
"images55.jpg",226.0405064259486,120.77450980392156,238.72104498164015,130.91830065359477,"headlights"
"images55.jpg",90.04173041615667,137.5751633986928,117.6219017747858,183.5392156862745,"tyres"
"images55.jpg",6.350175948592411,123.62745098039215,19.981754895960833,158.81372549019608,"tyres"
"images55.jpg",187.68187729498163,143.59803921568627,220.33426407588738,155.32679738562092,"licenseplate"
"images62.jpg",89.82720178372352,144.82710427135677,162.4860646599777,165.977858040201,"licenseplate"
"images62.jpg",193.45039018952062,108.65625,236.98439241917504,124.59594849246231,"headlights"
"images62.jpg",25.44593088071349,102.83212939698493,61.00891861761427,124.59594849246231,"headlights"
"images68.jpg",300.4147157190635,76.962890625,322.1404682274247,90.462890625,"headlights"
"images68.jpg",254.3411371237458,85.587890625,298.9163879598662,129.837890625,"tyres"
"images68.jpg",53.93979933110367,84.837890625,97.7658862876254,129.462890625,"tyres"
"images7.jpg",104.06037735849056,110.41013071895425,132.0754716981132,160.30392156862746,"tyres"
"images7.jpg",19.049056603773582,103.97222222222223,37.72578616352201,141.63398692810458,"tyres"
"images7.jpg",195.18993710691822,129.40196078431373,222.8830188679245,138.09313725490196,"licenseplate"
"images7.jpg",137.5496855345912,105.25980392156863,177.47924528301886,119.74509803921569,"headlights"
"images70.jpg",125.69676700111482,104.977858040201,171.68338907469342,121.83715452261306,"headlights"
"images70.jpg",79.71014492753623,100.07333542713567,109.44816053511705,161.07333542713567,"tyres"
"images70.jpg",21.767001114827202,82.29444095477386,31.270903010033443,121.2240891959799,"tyres"
"images71.jpg",19.692307692307693,84.38760504201682,30.153846153846153,98.2279411764706,"headlights"
"images71.jpg",95.38461538461539,89.92373949579833,137.53846153846155,104.37920168067228,"headlights"
"images71.jpg",236.61538461538464,76.39096638655462,256.61538461538464,119.75735294117648,"tyres"
"images71.jpg",143.6923076923077,93.61449579831934,170.46153846153848,147.13046218487398,"tyres"
"images80.jpg",24.6164994425864,85.55299785867238,54.78037904124861,130.3024625267666,"tyres"
"images80.jpg",157.40691192865106,87.28747323340471,195.1984392419175,142.44379014989295,"tyres"
"images80.jpg",197.62541806020064,76.18683083511777,240.9643255295429,91.10331905781585,"headlights"
"images80.jpg",257.2597547380156,101.85706638115632,287.4236343366778,112.95770877944325,"licenseplate"
"images80.jpg",291.93088071348933,79.65578158458244,299.2118171683388,89.02194860813705,"headlights"
"images82.jpg",61.516164994425864,65.900390625,95.73021181716834,88.69276350635593,"headlights"
"images82.jpg",219.79933110367892,67.62708554025424,258.85172798216274,86.275390625,"headlights"
"images82.jpg",128.561872909699,113.9025092690678,194.57079152731325,128.75208554025426,"licenseplate"
"images94.jpg",8.3252365356623,96.30065359477123,51.28302401746725,125.05228758169935,"headlights"
"images94.jpg",194.3601710334789,104.96078431372548,228.3106804949054,122.28104575163398,"headlights"
"images94.jpg",85.23353347889375,160.0392156862745,164.22043304221253,175.62745098039215,"licenseplate"
"images95.jpg",1.839464882943144,110.18891331658291,33.72352285395763,153.4100188442211,"tyres"
"images95.jpg",133.97435897435898,121.53062185929647,174.44258639910814,177.31956658291455,"tyres"
"images95.jpg",251.39353400222964,126.12861180904522,274.69342251950945,137.4703203517588,"licenseplate"
"P90327959-bmw-x3-xdrive20i-x-line-10-2018-293px.jpg",29.49660659509202,122.22222222222223,57.538324386503064,165,"tyres"
"P90327959-bmw-x3-xdrive20i-x-line-10-2018-293px.jpg",124.76654524539876,119.70588235294117,159.2794286809816,177.22222222222223,"tyres"
"P90327959-bmw-x3-xdrive20i-x-line-10-2018-293px.jpg",220.3959930981595,132.28758169934642,254.54936733128832,141.63398692810458,"licenseplate"
"P90327959-bmw-x3-xdrive20i-x-line-10-2018-293px.jpg",158.5604102760736,106.76470588235294,201.70151457055215,120.42483660130719,"headlights"
"P90327959-bmw-x3-xdrive20i-x-line-10-2018-293px.jpg",257.42544095092023,109.640522875817,267.8512078220859,119.70588235294119,"headlights"
"maxresdefault.jpg",82.76477146042365,405.3118811881188,169.8104793756968,470.8960396039604,"licenseplate"
"maxresdefault.jpg",332.4860646599777,344.0049504950495,458.06020066889636,379.6485148514852,"headlights"
"maxresdefault.jpg",505.1505016722408,304.08415841584156,717.7703455964325,584.9554455445544,"tyres"
"maxresdefault.jpg",1127.3132664437012,267.0148514851485,1214.3589743589744,458.0643564356435,"tyres"
"maxresdefault0.jpg",473.7569676700112,391.05445544554453,639.2865105908585,656.2425742574258,"tyres"
"maxresdefault0.jpg",1085.9308807134894,383.9257425742574,1210.0780379041248,609.1930693069307,"tyres"
"newbmwcars-1.jpg",509.555359246172,334.6977124183006,601.8992932862191,361.09640522875816,"headlights"
"newbmwcars-1.jpg",77.04652532391049,310.18464052287584,153.3716136631331,341.29738562091507,"headlights"
"Silver-2012-BMW-3-Series-320d-Dynamic---56000-kms-driven-in-Sector-18-VB201705171774173-ak_LWBP804944590-1571997742.jpeg",51.995540691192865,154.99500831946756,121.00780379041248,228.91150166389352,"tyres"
"Silver-2012-BMW-3-Series-320d-Dynamic---56000-kms-driven-in-Sector-18-VB201705171774173-ak_LWBP804944590-1571997742.jpeg",329.93534002229654,157.55709234608986,385.7123745819398,219.46058652246256,"tyres"
"Silver-2012-BMW-3-Series-320d-Dynamic---56000-kms-driven-in-Sector-18-VB201705171774173-ak_LWBP804944590-1571997742.jpeg",26.943143812709028,149.051268718802,51.99554069119286,164.17273294509152,"headlights"
"types-bmw-cars-1.1-800x800.jpg",98.46153846153847,259.8896625905797,176.23188405797103,289.8679234601449,"licenseplate"
"types-bmw-cars-1.1-800x800.jpg",205.48494983277592,229.91140172101447,291.1036789297659,258.4621263586956,"headlights"
"types-bmw-cars-1.1-800x800.jpg",69.92196209587514,213.4947350543478,95.60758082497213,241.33169157608694,"headlights"
"types-bmw-cars-1.1-800x800.jpg",296.81159420289856,253.46574954710144,356.03121516165,362.6722712862319,"tyres"
"types-bmw-cars-1.1-800x800.jpg",519.4202898550725,249.18314085144925,567.2240802675585,345.54183650362313,"tyres"
"upcoming-bwm-8-series.jpg",66.33221850613155,150.08894230769232,115.38461538461539,170.1658653846154,"licenseplate"
"upcoming-bwm-8-series.jpg",161.09253065774806,122.20432692307692,232.99888517279823,135.5889423076923,"headlights"
"upcoming-bwm-8-series.jpg",51.83946488294314,113.8389423076923,60.758082497212925,131.68509615384616,"headlights"
"upcoming-bwm-8-series.jpg",239.1304347826087,122.76201923076924,287.0680044593088,209.20432692307693,"tyres"
"upcoming-bwm-8-series.jpg",410.2564102564103,109.37740384615385,442.0289855072464,175.74278846153845,"tyres"
"The-new-BMW-M5-Competition-450x270.jpg",127.4247491638796,177.71288336431226,166.05351170568562,192.76864544609666,"licenseplate"
"The-new-BMW-M5-Competition-450x270.jpg",190.63545150501673,161.65340381040892,238.7959866220736,175.20358968401487,"headlights"
"The-new-BMW-M5-Competition-450x270.jpg",108.36120401337793,155.63109897769516,120.40133779264214,167.1738499070632,"headlights"
"The-new-BMW-M5-Competition-450x270.jpg",243.81270903010034,166.1152416356877,275.9197324414716,226.89503949814124,"tyres"
"The-new-BMW-M5-Competition-450x270.jpg",361.7056856187291,163.15898001858736,382.2742474916388,209.3299837360595,"tyres"
"_1552914514.jpg",112.73132664437013,201.94306930693068,151.9732441471572,272.51732673267327,"tyres"
"_1552914514.jpg",252.5752508361204,201.23019801980197,315.36231884057975,282.4975247524752,"tyres"
"_1552914514.jpg",298.2385730211817,171.28960396039602,362.4526198439242,196.24009900990097,"headlights"
"_1552914514.jpg",395.273132664437,211.21039603960395,445.2173913043478,224.75495049504948,"licenseplate"
"_1552914514.jpg",453.77926421404686,169.8638613861386,469.4760312151617,184.83415841584159,"headlights"